Rank,Coin,Symbol,Price (INR),24h Change (%),Market Cap (INR),24h High (INR),24h Low (INR),Timestamp
1,Bitcoin,BTC,7446153.0,1.38459,149539560131127,7401107.0,7312478.0,2026-09-11 18:28:09
2,Ethereum,ETH,239801.0,3.74848,29264915786656,237069.0,230250.0,2026-09-11 18:28:09
3,Tether,USDT,95.49,-0.07007,17518873739337,95.52,95.48,2026-09-11 18:28:09
4,BNB,BNB,69068.0,2.32242,9197211528603,68497.0,67322.0,2026-09-11 18:28:09
5,XRP,XRP,130.75,0.56676,8221184830404,130.66,126.18,2026-09-11 18:28:09
6,USDC,USDC,95.51,-0.05083,7087774452474,95.55,95.5,2026-09-11 18:28:09
7,Solana,SOL,9703.72,2.28003,5691597836314,9588.84,9418.19,2026-09-11 18:28:09
8,TRON,TRX,32.12,-0.7394,3049571338604,32.57,32.1,2026-09-11 18:28:09
9,Figure Heloc,FIGR_HELOC,98.86,0.76089,2219127466789,98.92,96.93,2026-09-11 18:28:09
10,Zcash,ZEC,110733.0,-3.15341,1874237828119,113934.0,100840.0,2026-09-11 18:28:09
1,Bitcoin,BTC,7423051.0,0.47775,149084866063645,7444200.0,7312993.0,2026-09-14 12:01:36
2,Ethereum,ETH,240683.0,-0.14251,29374718460924,241009.0,235793.0,2026-09-14 12:01:36
3,Tether,USDT,95.64,0.05711,17542712295257,95.65,95.63,2026-09-14 12:01:36
4,BNB,BNB,69205.0,-0.01092,9215342411483,69408.0,68244.0,2026-09-14 12:01:36
5,XRP,XRP,132.22,1.27685,8313750406701,132.1,127.54,2026-09-14 12:01:36
6,USDC,USDC,95.65,0.06649,7098323439577,95.69,95.64,2026-09-14 12:01:36
7,Solana,SOL,9703.25,-0.00917,5694771478645,9716.21,9474.2,2026-09-14 12:01:36
8,TRON,TRX,32.49,0.03912,3084655830881,32.67,32.31,2026-09-14 12:01:36
9,Figure Heloc,FIGR_HELOC,95.69,,2157548281992,0.0,0.0,2026-09-14 12:01:36
10,Zcash,ZEC,108315.0,-0.72933,1833823272428,109460.0,100318.0,2026-09-14 12:01:36
